component_name,id
Shoddy Component,xTTcNXTYlH
Smooth Component,hrR7AR7Xri
Leading Component,ypwjhsFaT1
Rapid Component,eZri2yB6fE
Competent Component,hrR7AR7Xri
Rapid Component,hwyrCw5gbL
Boring Component,Qfta7OsZqV
Winding Component,eZri2yB6fE
Leading Component,hwyrCw5gbL
Competent Component,5svFEg2ZQV
Irresponsible Component,OeX2qjcWnz
Roasted Component,q4HqiBbOOv
Competent Component,ypwjhsFaT1
Numb Component,UEmHCEPSyq
Personal Component,n19XDdGX7G
Agreeable Component,LuqDm4vcgm
Irresponsible Component,Bh5Rg3rPqT
Winding Component,LlfQtRxY28
Weary Component,Qfta7OsZqV
Shoddy Component,eZri2yB6fE
Rapid Component,LlfQtRxY28
Blind Component,E0O3gKgEsN
Self-assured Component,rWZ9KfCtl8
Boring Component,Bh5Rg3rPqT
Decent Component,XDfEpPiksi
Boring Component,E0O3gKgEsN
Negative Component,55E6VQC7gM
Personal Component,ypwjhsFaT1
Self-assured Component,XLPQYVWuVr
Smooth Component,ypwjhsFaT1
Decent Component,LlfQtRxY28
Winding Component,rWZ9KfCtl8
Weary Component,XLPQYVWuVr
Decent Component,E0O3gKgEsN
Blind Component,OeX2qjcWnz
Shoddy Component,Qfta7OsZqV
Dirty Component,OeX2qjcWnz
Personal Component,55E6VQC7gM
Negative Component,XDfEpPiksi
Roasted Component,tMMQr7b8pF
Agreeable Component,XLPQYVWuVr
Self-assured Component,Bh5Rg3rPqT
Altruistic Component,OeX2qjcWnz
Agreeable Component,z4tSgKjJab
Queasy Component,OeVltwlk5K
Decent Component,N0O3DMj9BJ
Leading Component,hrR7AR7Xri
Weary Component,z4tSgKjJab
Leading Component,N0O3DMj9BJ
Irresponsible Component,n19XDdGX7G
