id,bug_description,severity,status
tMMQr7b8pF,Tamquam curo peccatus denique volaticus ceno desidero debeo accusamus. Auctus curvo arx tondeo communis defendo sed. Baiulus apud quis suggero derelinquo laudantium degenero cito porro.,Low,Pending
xTTcNXTYlH,Tener sed laborum vetus abeo. Ager aspicio error vesica campana basium sursum. Officiis undique civitas.,Medium,Active
eZri2yB6fE,Timor vinco baiulus varietas corroboro cicuta. Arceo vociferor denuncio denuo cupio delinquo tempora quam vulgivagus. Id cibo velociter compono.,Critical,Closed
XDfEpPiksi,Adstringo ipsum canto abutor vox. Cervus civitas cognatus. Versus ascisco tandem viscus rem caterva minima cito conitor.,Medium,Active
HwMNrHgVGl,Decens annus combibo tredecim chirographum censura. Barba termes aro beatae villa. Aegre benigne utrum carpo appono uberrime possimus vorago comis.,Low,Closed
Bh5Rg3rPqT,Titulus aufero timidus comis. Adficio conicio facere accommodo. Colo sint concido caries campana tepidus supra cohors.,Medium,Closed
E0O3gKgEsN,Calamitas subiungo aeger vado tepidus defero tepesco. Ver absque fugiat ago color thesis subnecto placeat. Considero aiunt angustus deripio uxor summopere tenuis.,Medium,Completed
LlfQtRxY28,Ascisco amitto conduco concido explicabo doloribus totidem. Ambulo aiunt angelus. Crux laborum tabesco velit.,High,Closed
LuqDm4vcgm,Numquam acsi vicissitudo demens ipsa cui traho atavus considero ascit. Delectus desipio alo vulpes solitudo viscus defluo tam confugo. Acceptus virga avaritia theatrum vulgivagus taedium.,Low,Pending
n19XDdGX7G,Coadunatio comptus caterva basium corrupti vomer abundans canonicus tricesimus admoneo. Mollitia aranea ullam. Vetus utor velociter comis trucido vomito tandem uterque aspernatur.,Low,Completed
z4tSgKjJab,Adfero corporis nobis amicitia trado adfectus voluptate tam eos bos. Consectetur consuasor autus antea ducimus ascit caries capto. Cruentus amor voluptatibus venio quam peccatus trucido deripio tremo.,Low,Completed
OeVltwlk5K,Conturbo socius amita expedita colo acervus valens. Somniculosus qui caterva adhaero molestias corroboro aurum. Provident color audio paulatim callide arbor despecto audacia volo crastinus.,High,Completed
IVVatE7CeY,Corrumpo similique laboriosam tunc. Cado thymbra sumo aestas vesica ver cupio sed collum subnecto. Iure surculus omnis creator amor eveniet candidus circumvenio.,Critical,Active
rWZ9KfCtl8,Timor terebro ait sumptus correptius appello alii cur turba. Crastinus adsuesco apud aegre demonstro. Curia maxime reprehenderit nam correptius alii videlicet amet.,Medium,Closed
hrR7AR7Xri,Despecto caries terreo cunabula vaco casso terror vaco. Aedificium causa adipisci veniam tergo. Adhaero coruscus tyrannus arbitro molestiae calco amet venustas ante.,Medium,Completed
55E6VQC7gM,Tumultus ciminatio ventus ancilla cariosus. Vomer nulla absque tantum super. Ultra suasoria dignissimos maiores cohaero amor antepono audacia.,High,Completed
hwyrCw5gbL,Ex aequus amor valens temeritas. Tener abduco venio. Dolor alioqui canis.,Medium,Cancelled
N0O3DMj9BJ,Adstringo sub patria crapula suus umbra aegrus. Tardus quidem in libero trado adflicto verbum autem non angustus. Reiciendis virtus expedita coniecto.,Low,Cancelled
Qfta7OsZqV,Vir benevolentia vinco contra deserunt cometes advenio autus timor. Tabgo anser succurro defluo ulciscor. Totus callide auctus vinco quibusdam eos vilitas stips.,High,Completed
XLPQYVWuVr,Asporto civis sed laudantium cornu. Carbo apparatus corona canis audentia aestas. Tener odit contego casso claro capio pariatur caelum nemo iusto.,Critical,Active
q4HqiBbOOv,Taedium defungo amet trans illo clibanus. Pauper ulterius repellat. Thymum et expedita valetudo temperantia atrocitas decipio inventore.,Critical,Closed
5svFEg2ZQV,Vomica credo cursim aptus turpis avaritia distinctio beatae cerno arma. Arbor caries crur aiunt. Caritas nisi calamitas denuncio cibo ars cerno velum.,Critical,Completed
ypwjhsFaT1,Tui vergo culpa creta. Modi cauda nihil ipsam. Appello impedit tot conatus claustrum totidem teneo.,High,Pending
OeX2qjcWnz,Amet abutor capillus vitiosus suasoria dolorum bellum amita. Auditor in vilis victoria. Vir suffragium suffragium.,High,Active
UEmHCEPSyq,Deleo tergo confido. Conforto victoria statua delibero voluptatum caste soluta. Decumbo voco benigne deprimo aliquam.,Low,Active
