root_cause_name,id
Unwilling RootCause,N0O3DMj9BJ
Personal RootCause,tMMQr7b8pF
Spiteful RootCause,XLPQYVWuVr
Jagged RootCause,OeVltwlk5K
Spiteful RootCause,E0O3gKgEsN
Shameful RootCause,UEmHCEPSyq
Petty RootCause,z4tSgKjJab
Happy RootCause,q4HqiBbOOv
Considerate RootCause,eZri2yB6fE
Dismal RootCause,ypwjhsFaT1
Educated RootCause,Bh5Rg3rPqT
Same RootCause,ypwjhsFaT1
Dearest RootCause,XDfEpPiksi
Aching RootCause,Bh5Rg3rPqT
Flustered RootCause,HwMNrHgVGl
Petty RootCause,Qfta7OsZqV
Shameful RootCause,XLPQYVWuVr
Unwilling RootCause,hwyrCw5gbL
Dirty RootCause,OeX2qjcWnz
Shameful RootCause,z4tSgKjJab
Jagged RootCause,XLPQYVWuVr
Pink RootCause,z4tSgKjJab
Considerate RootCause,HwMNrHgVGl
Candid RootCause,5svFEg2ZQV
Spiteful RootCause,OeVltwlk5K
Flustered RootCause,q4HqiBbOOv
Prudent RootCause,ypwjhsFaT1
Ideal RootCause,LuqDm4vcgm
Prime RootCause,hwyrCw5gbL
Outstanding RootCause,55E6VQC7gM
Personal RootCause,xTTcNXTYlH
Aching RootCause,hwyrCw5gbL
Ideal RootCause,LlfQtRxY28
Prime RootCause,E0O3gKgEsN
Shameful RootCause,ypwjhsFaT1
Unwilling RootCause,OeX2qjcWnz
Personal RootCause,hrR7AR7Xri
Dirty RootCause,LlfQtRxY28
Jagged RootCause,rWZ9KfCtl8
Pink RootCause,tMMQr7b8pF
Splendid RootCause,hrR7AR7Xri
Candid RootCause,xTTcNXTYlH
Dismal RootCause,tMMQr7b8pF
Happy RootCause,hwyrCw5gbL
Flustered RootCause,LlfQtRxY28
Same RootCause,IVVatE7CeY
Dirty RootCause,n19XDdGX7G
Ideal RootCause,n19XDdGX7G
Unwilling RootCause,55E6VQC7gM
Shameful RootCause,IVVatE7CeY
