component_name,component_description
Admired Component,Acies cohibeo armarium cui verumtamen vulgivagus tantum arcesso abundans ager. Thema itaque conservo attollo alter vitium comitatus triumphus provident. Voro vulgaris atrocitas tepidus.
Boring Component,Caritas nobis patrocinor facilis tyrannus. Denuncio vulgo comminor esse quidem. Carcer depraedor una tonsor doloremque textilis chirographum ars.
Weary Component,Cauda quos aperio absorbeo vito natus sonitus iste talio et. Textilis depraedor astrum. Cedo vester vulgaris vorax careo celo illum inventore utrimque.
Murky Component,Catena corrumpo attollo spiritus minus curvo ascit capitulus supra. Tepesco excepturi alveus tero atavus alveus. Non adicio adsum sublime.
Winding Component,Decimus tamisium caritas apparatus cribro ocer cupiditate deprecator accendo coniecto. Delibero spectaculum neque strenuus vesica nisi. Spero derelinquo quaerat possimus valde derideo appello tolero ante deleo.
Leading Component,Careo venustas socius aestivus arceo. Tergo ulciscor esse votum adeo demonstro compono. Appello paulatim tibi sub ipsa comprehendo tertius demens communis.
Shoddy Component,Apparatus ducimus apud similique stella benevolentia tertius fugiat. Aestivus quasi tempore comedo cetera coaegresco valeo pariatur cicuta. Aranea cultura decor derelinquo.
Numb Component,Ustulo compono congregatio pectus conicio sui cognomen ut. Careo curis ver. Earum sustineo nam.
Sandy Component,Talio voluptate adicio tergiversatio acquiro. Civitas derideo clamo aeger illum nulla. Vesco aestus curatio carus.
Blind Component,Quo error dedecor commodo. Abscido ventus pauper video audentia consequuntur. Corona ademptio candidus expedita suasoria tertius delectatio tristis bos temporibus.
Irresponsible Component,Viscus tondeo nisi allatus vindico. Depromo cubo speculum. Amaritudo ademptio valens abduco creator spargo capitulus crinis brevis appono.
Decent Component,Subseco volva cohors. Cedo tricesimus virgo aspernatur adimpleo spiculum ipsa subiungo vicissitudo. Et viriliter antea adsum pecco derelinquo ea.
Altruistic Component,Confido candidus amplitudo cunae minima torrens super sopor video anser. Causa adflicto natus voco velociter brevis. Adicio dens cogito voluptate armarium talus timor sub damnatio cresco.
Queasy Component,Suppono cibo usitas teneo iure provident aperio centum amita adsuesco. Apud attollo non vulariter. Adulatio sit tendo delectus undique tactus voco basium quia vacuus.
Agreeable Component,Acsi delego teneo. Talus praesentium aptus statua arma esse civis amissio credo aqua. Vinum taceo antepono.
Smooth Component,Sollicito nisi copia accusantium taedium. Ambulo vix aperiam valeo solitudo voluptas conventus utor vere qui. Summa repudiandae desidero clam valeo eum cursus aedificium tremo.
Back Component,Deputo vesper recusandae altus debeo auxilium. Doloremque abutor adduco. Deficio accusamus defetiscor atqui toties hic cultellus adipisci cras patrocinor.
Negative Component,Delibero neque molestiae conduco coruscus vulariter tabella quia. Complectus avarus vallum compello volubilis. Torqueo consectetur cavus torrens ustulo bellum vereor.
Wicked Component,Atque pel aequus adipiscor beneficium thesaurus. Natus undique vetus asporto claro. Ipsa cibus substantia denuo.
Dirty Component,Atqui balbus totidem curatio callide comitatus. Virgo amet una conscendo unde comprehendo. Argentum quos degusto abundans cuppedia aequitas torrens.
Personal Component,Eaque tondeo bos consequuntur ventus caput quasi. Bis peior molestiae volo depromo attero clibanus vesco capillus cibus. Decretum vestigium autus tenetur caveo maiores admoneo verbum.
Rapid Component,Nobis tricesimus ab cohors saepe. Utpote sortitus bardus deorsum beatae. Modi defendo cernuus tabella eveniet celer amplus esse adaugeo.
Self-assured Component,Vociferor subseco talus curtus utique cruciamentum verbera altus ustulo. Deorsum cedo denuo. Desidero textor bonus cunae totus itaque accendo adsidue cubitum.
Roasted Component,Vilicus tunc deinde corpus clarus volup ustilo utpote. Facilis argumentum absorbeo. Cibus angulus viridis ventus depromo similique.
Competent Component,Vinculum caute ante. Deficio adipiscor capio amicitia corpus. Nostrum quibusdam enim patior audentia delicate sodalitas pel vereor.
