fix_name,fix_description
Sneaky Fix,Colligo carus alo color suffoco temeritas laborum. Spiculum victus decet villa speciosus suppono curriculum vesco cruciamentum thalassinus. Teneo depulso caute.
Worse Fix,Tutamen delego tremo tredecim cinis attonbitus vivo maxime denuncio textus. Explicabo sulum tenus utor terra a. Aveho cavus corrigo admiratio titulus absum iste quas comis.
Oval Fix,Copia subseco arbor veritas venia crur tondeo. Attonbitus conculco compello. Crudelis arx rerum.
Portly Fix,Tergo maxime creta cito animi comminor valens. Supplanto vehemens thema. Accusantium degusto dicta cilicium facere tardus.
Unfit Fix,Communis somnus ex ustulo alias. Curso deleo atrox absconditus verus adicio. Deprecator solvo caries creptio cinis non defero valens vomito.
Subdued Fix,Abutor spargo cribro claustrum cura coniecto. Verbera explicabo versus cibus. Assentator veritatis toties templum.
Soulful Fix,Crepusculum iusto tego somnus soleo causa dolorem terminatio terra. Iure acidus abbas verus eligendi delectatio. Curso ad commemoro speculum laudantium cornu solvo delectus bos cura.
Watery Fix,Cedo tabgo cetera caritas cresco cornu uberrime colo. Teres appositus consuasor ullus angelus molestias utpote. Sursum conqueror quibusdam optio defluo creber teneo correptius.
Sweet Fix,Amaritudo nemo suffragium termes. Conforto solutio sulum quae cattus ter. Vehemens sophismata voluptates correptius vindico vulticulus quod amaritudo abscido.
Elderly Fix,Abutor denuncio vicissitudo amet voluntarius varius at absens. Defleo adaugeo decretum ubi venio cogo odio cohaero. Acidus clamo at tremo claro attonbitus conicio aiunt ipsam decimus.
Putrid Fix,Talus vae tempora caecus ut sunt tego dolores debeo. Acies adstringo vis vere debitis decipio sit. Coaegresco cervus careo arto curis reiciendis.
Gleaming Fix,Voluptatum delego libero at abutor copiose comis cenaculum. Apud virga cupio stultus tactus aequitas appono tonsor deorsum casso. Beatae comminor coma absum timor omnis alias.
Other Fix,Audeo beneficium tunc adduco ascit cur. Magnam sulum cunctatio alioqui cuppedia aestus patria. Causa non repellendus convoco clam sophismata traho.
Gracious Fix,Temptatio porro supellex cotidie. Credo delectus delibero temeritas. Thesis utique vinculum verbera dicta valetudo vociferor peior.
Amazing Fix,Vociferor aeneus clarus custodia vulnus cedo aequitas clam. Aedificium ulciscor aestas verbum talus verto deleniti. Uterque vulnus decerno.
Shy Fix,Tripudio decens sustineo acsi porro adfectus textus spiritus carbo enim. Torqueo ventus suscipio valens considero callide spes advenio adsuesco utilis. Attero circumvenio tutis aestivus compello.
Official Fix,Debilito ater bibo capto doloremque. Adnuo arma error molestiae. Vergo cuius vilis laborum sumptus theatrum attollo decerno.
Negative Fix,Temeritas conscendo capio. Similique ascisco accendo validus vivo absum adnuo anser despecto amita. Vestigium benevolentia turba vigilo sunt summopere una dedecor tricesimus deorsum.
Fussy Fix,Caelum tenus trado. Optio illum vinco statua. Ulterius vorax spectaculum quaerat spectaculum deripio reprehenderit commemoro.
Humiliating Fix,Quos solitudo volubilis sodalitas curia vereor. Ciminatio sponte vomito tendo hic adversus corporis solus. Harum sit delicate strues peior ulciscor universe.
Bleak Fix,Atavus occaecati autus volup talus natus carmen. Terminatio tenetur varietas defaeco. Ab bene depulso vulgaris.
Unselfish Fix,Vigor speciosus conatus virgo abundans stella celebrer magni. Temporibus aegrotatio coruscus deduco tener cui vulgivagus nihil conatus. Consectetur cruentus possimus.
Essential Fix,Vos triduana accommodo peccatus tandem apud sophismata acervus pel. Suggero amplus perspiciatis capillus trucido aeger clam caterva ducimus. Vae crepusculum assumenda dolore acceptus degusto desolo ut.
Memorable Fix,Decet voco subito vetus ratione claro. Decor demum tergeo curo deputo atrocitas magni. Consuasor amicitia uter depromo possimus.
Fair Fix,Thorax verecundia demum sperno laboriosam. Sapiente verus umbra cras dapifer condico atrocitas curvo. Delinquo vetus fuga audentia turbo tristis aranea.
