fix_name,id
Negative Fix,LlfQtRxY28
Worse Fix,55E6VQC7gM
Sneaky Fix,XDfEpPiksi
Subdued Fix,OeX2qjcWnz
Unfit Fix,z4tSgKjJab
Other Fix,XLPQYVWuVr
Negative Fix,XLPQYVWuVr
Fussy Fix,55E6VQC7gM
Essential Fix,eZri2yB6fE
Elderly Fix,55E6VQC7gM
Fair Fix,55E6VQC7gM
Amazing Fix,LlfQtRxY28
Fair Fix,rWZ9KfCtl8
Fair Fix,hrR7AR7Xri
Subdued Fix,IVVatE7CeY
Soulful Fix,N0O3DMj9BJ
Oval Fix,XDfEpPiksi
Elderly Fix,rWZ9KfCtl8
Worse Fix,hrR7AR7Xri
Worse Fix,tMMQr7b8pF
Fair Fix,XDfEpPiksi
Other Fix,UEmHCEPSyq
Fussy Fix,q4HqiBbOOv
Unselfish Fix,eZri2yB6fE
Fussy Fix,n19XDdGX7G
Worse Fix,OeVltwlk5K
Bleak Fix,N0O3DMj9BJ
Official Fix,q4HqiBbOOv
Sneaky Fix,hwyrCw5gbL
Shy Fix,ypwjhsFaT1
Fair Fix,E0O3gKgEsN
Portly Fix,XLPQYVWuVr
Memorable Fix,XLPQYVWuVr
Elderly Fix,OeX2qjcWnz
Sweet Fix,tMMQr7b8pF
Sweet Fix,hrR7AR7Xri
Sneaky Fix,5svFEg2ZQV
Unselfish Fix,UEmHCEPSyq
Fussy Fix,z4tSgKjJab
Gleaming Fix,UEmHCEPSyq
Portly Fix,HwMNrHgVGl
Sneaky Fix,55E6VQC7gM
Unselfish Fix,ypwjhsFaT1
Unselfish Fix,LlfQtRxY28
Sneaky Fix,HwMNrHgVGl
Sweet Fix,HwMNrHgVGl
Unfit Fix,n19XDdGX7G
Amazing Fix,UEmHCEPSyq
Gracious Fix,XLPQYVWuVr
Watery Fix,xTTcNXTYlH
