root_cause_name,root_cause_description
Pink RootCause,Sol benevolentia sponte virga. Accommodo architecto atavus in civis solutio conicio thesaurus tamisium. Ubi acsi solio videlicet atqui tristis arx tertius.
Carefree RootCause,Spero careo odio repellendus amitto artificiose. Alienus vigilo delectus clamo conicio crux. Aestivus turbo terebro.
Happy RootCause,Verto sed clam cuppedia constans unus vix admitto. Conicio traho compello dolorem tabella. Canis spiculum sufficio.
Jagged RootCause,Vesco assentator caste urbs placeat. Et careo taedium odit credo paens. Correptius aegrus ascisco.
Dismal RootCause,Facilis sint decretum ambitus caelestis cupiditate spero super vesper sed. Patior adficio clarus adinventitias volup spoliatio speculum acquiro audentia vilicus. Vergo virtus amaritudo repellendus cattus.
Prudent RootCause,Vos auctus confido carpo admoveo contra censura contego ver claustrum. Conscendo spectaculum balbus virgo voco vetus utrimque. Modi sonitus celo abbas sodalitas ver aegre colo aperiam.
Complicated RootCause,Cuppedia sordeo suppono. Theca supra vox talio. Deserunt ambitus claudeo aufero.
Outstanding RootCause,Umerus quam doloribus taedium deorsum balbus beatae. Impedit cupiditate teneo. Dolores utroque ultio deputo volup comes arca.
Petty RootCause,Cogo cavus calco truculenter calculus laudantium solvo subseco volo. Facilis tui bellum arguo. Texo calculus thermae unus comes.
Considerate RootCause,Tui audax venio vulnero tenus tenax. Acer molestias celo. Dolores accedo claudeo sint voveo benevolentia.
Taut RootCause,Tepesco ars necessitatibus. Votum decens patria. Timidus alo esse quaerat annus basium agnosco vulgo.
Candid RootCause,Agnitio eaque utroque. Creator ipsum tot officiis accedo validus decretum commodo. Aspernatur animus abduco quaerat ver utroque cupiditate.
Shameful RootCause,Sub doloribus somniculosus creo tondeo antea denuncio crudelis compello eum. Pel administratio a ulciscor alienus aedificium subito in. Validus administratio ascit conqueror vitium utilis.
Unwilling RootCause,Ascit aggredior delibero cunctatio varius careo alias. Derelinquo adicio vel vilitas audacia unus derideo vestigium. Crinis tabgo certe creber constans avarus.
Dirty RootCause,Neque careo stillicidium commodi via tantum degusto. Tremo via dolores. Denuncio callide adiuvo vulgaris ambulo.
Educated RootCause,Via volo tenuis aegre vehemens. Adulescens tertius solvo soluta cultellus thermae. Tutis ambitus ver admitto vinum consectetur.
Prime RootCause,Cometes umerus xiphias. Advenio turpis tabernus aeternus utique. Vitium curis cometes nobis succedo aliquam hic comburo.
Splendid RootCause,Vetus antepono alter sordeo. Cupio velum despecto coaegresco curo caecus carcer occaecati blanditiis quis. Defleo corrumpo deorsum viriliter cito assentator adipisci.
Same RootCause,Eum adhaero decipio. Cunabula charisma cultellus demoror atqui. Tergiversatio veritatis doloremque confero astrum testimonium.
Flustered RootCause,Convoco dolorum collum cauda tolero adflicto cilicium vir. Cibo caute testimonium magnam comedo venio aptus patria. Ubi capillus curriculum esse absens alter sortitus consuasor ullam.
Aching RootCause,Angustus quisquam animi succedo causa claustrum odit absconditus. Dolor vespillo approbo uter magni aetas adfero tenetur. Officia atavus carcer veniam quod conitor.
Dearest RootCause,Ait carcer campana delibero suffoco. Valeo neque dedecor complectus. Incidunt cum abstergo adinventitias amo cum.
Spiteful RootCause,Volubilis cui cunctatio sufficio caterva. Cuppedia caute cenaculum sophismata complectus. Verbum voco ater turbo.
Personal RootCause,Aequitas ascisco adicio. Amet candidus curvo adopto corrigo clamo sublime. Callide cognatus soluta arbor adsuesco defetiscor cura.
Ideal RootCause,Credo adiuvo tredecim coruscus comburo doloribus tersus. Curiositas comedo vulgivagus nihil ara cauda venustas ratione. Cena utpote crustulum optio caveo aegrus.
