technology_name,technology_description
Red Technology,Appello crustulum arcesso. Trado arca articulus tertius. Cursim sulum teres veniam consectetur nobis.
Hopeful Technology,Velit et defendo tondeo repudiandae colligo somniculosus. Animus comitatus via thymbra conventus. Deprecator cicuta ambitus cultura suppellex.
Torn Technology,Vaco tergo animi aranea sodalitas pecco beatae cras consequatur calculus. Audax incidunt velit nulla. Adfero umerus supra tendo.
Numb Technology,Viridis nobis vix. Tendo iste cito virtus aureus. Delectus strenuus cruentus quaerat sum cibo toties creator somnus.
Free Technology,Stips amplus coniecto eaque suppono. Officiis templum exercitationem basium valeo veritatis valens cattus. Aedificium deputo conatus thema creta stipes tamquam cattus corrumpo voluptate.
Tragic Technology,Vulpes admoneo creo. Verus carmen ullam. Conscendo vulgaris vapulus suspendo conduco ascit in degero uter.
These Technology,Adhaero chirographum cresco adiuvo altus. Tepesco calculus labore aestas debitis texo. Custodia deserunt vox caelum corpus.
Experienced Technology,Arceo articulus auctus cauda adfectus virtus dolor. Uxor ago advoco varietas tabesco adeptio tepidus. Verbera amicitia terreo carpo conspergo tenax voluptatem aqua surculus audacia.
Rundown Technology,Atrocitas claro pectus repudiandae tempus defetiscor supellex victoria. Varius audio dedico cubitum placeat turpis. Studio auctor claudeo confido tero sulum admoneo nobis enim.
Wonderful Technology,Peccatus voluptas arma vociferor tametsi confido animus viscus acceptus theatrum. Amplus vulnus aptus caterva numquam demoror. Valens temptatio nulla valens ipsa arma dignissimos placeat creber.
Emotional Technology,Angelus soluta admitto denuo pel curia auditor armarium. Chirographum tenax consequatur caste bis usus argumentum deleniti. Ater cauda accusator approbo.
Triangular Technology,Iure delicate demens uxor creator. Incidunt abduco sodalitas sint coruscus enim volaticus. Triumphus damno tabgo reprehenderit cultellus aranea curiositas comis vesper.
Rotten Technology,Benevolentia sono tergeo animus video optio laboriosam ustulo. Totus caries nisi denego ager vilicus aggredior velut. Acerbitas amiculum adipisci argentum.
Ideal Technology,Depopulo amoveo claustrum auditor amoveo adflicto sublime. Cras delego succurro ubi. Una degero decumbo verus caries aequus tenuis.
Aged Technology,Voluptatum laborum venia crux unus convoco perferendis vesper abstergo strenuus. Trucido ipsa spiculum suus tergum amita inflammatio vapulus cena. Triumphus calcar capitulus pauci possimus casus curo.
Indelible Technology,Crastinus omnis defetiscor dedico valetudo tricesimus. Explicabo traho tabula capitulus comitatus nam. Capto porro tertius color rerum dolor laboriosam celo vigor.
Clueless Technology,Decumbo custodia thermae non velum adiuvo voluptatem arceo. Vesica agnosco vero comburo ullus demergo caveo beatus aequitas. Distinctio cattus depraedor decretum sordeo agnitio textus reiciendis ulterius.
Inconsequential Technology,Vito aranea solus tenax sum. Ipsam totus patior depereo ipsa. Curo desino subvenio.
Inborn Technology,Officiis vetus eius vesper atavus ante. Cognomen carus vacuus sto maxime ocer assentator ciminatio ventosus. Cedo aegrotatio ago defero venustas venio occaecati abduco cornu annus.
Serpentine Technology,Sopor teneo dolor damno turbo terror. Clamo desipio nobis ultra beatus saepe arbitro. Allatus cruentus dapifer esse tres aspernatur vinitor caritas deripio.
Slow Technology,Adulatio casso exercitationem velociter molestiae non caecus crustulum. Quos umquam subseco voluptates vorax possimus. Campana decipio demitto cupressus.
Worse Technology,Cito talio cognatus cultura totam aureus carcer angulus. Architecto earum comminor inventore decumbo. Ulciscor vir bellum volva vos utrum.
Mean Technology,Cilicium curtus bestia aliquid aegre contabesco auditor cena. Nemo celo quo non vulgaris. Curso canto civitas adstringo aequus cometes molestiae cunae.
Watery Technology,Sto aestus arbitro appello aperiam. Tamisium minus coerceo termes accusator vinitor sono acervus varietas tamdiu. Atque vindico cernuus desolo civitas.
Utter Technology,Talus solutio quis charisma defaeco tollo thorax voluptatem circumvenio audax. Conventus aperiam aeneus. Apparatus ab deficio artificiose ducimus thermae.
