technology_name,component_name
Free Technology,Numb Component
Red Technology,Altruistic Component
Indelible Technology,Negative Component
Numb Technology,Altruistic Component
Emotional Technology,Altruistic Component
Worse Technology,Negative Component
Clueless Technology,Sandy Component
Rotten Technology,Winding Component
Rotten Technology,Boring Component
Free Technology,Irresponsible Component
Mean Technology,Roasted Component
Numb Technology,Back Component
Ideal Technology,Boring Component
Hopeful Technology,Wicked Component
Worse Technology,Murky Component
Rundown Technology,Admired Component
Experienced Technology,Leading Component
Inborn Technology,Dirty Component
Serpentine Technology,Irresponsible Component
Torn Technology,Competent Component
Inborn Technology,Agreeable Component
Aged Technology,Dirty Component
Slow Technology,Roasted Component
Utter Technology,Leading Component
Worse Technology,Competent Component
Hopeful Technology,Weary Component
Clueless Technology,Back Component
Serpentine Technology,Shoddy Component
Aged Technology,Winding Component
Mean Technology,Back Component
Inborn Technology,Queasy Component
Inborn Technology,Leading Component
These Technology,Irresponsible Component
Ideal Technology,Leading Component
Experienced Technology,Altruistic Component
These Technology,Queasy Component
Wonderful Technology,Irresponsible Component
Triangular Technology,Irresponsible Component
Hopeful Technology,Winding Component
Ideal Technology,Irresponsible Component
Slow Technology,Irresponsible Component
Wonderful Technology,Back Component
Experienced Technology,Wicked Component
Mean Technology,Irresponsible Component
Numb Technology,Leading Component
Utter Technology,Numb Component
Inborn Technology,Blind Component
Tragic Technology,Back Component
Experienced Technology,Agreeable Component
Clueless Technology,Shoddy Component
